date,region,channel,category,orders,revenue,margin
2026-01-05,North,Web,Audio,34,4890,0.31
2026-01-12,South,Store,Home,27,3260,0.24
2026-01-19,East,Web,Audio,41,6320,0.35
2026-01-26,West,Partner,Outdoor,18,2740,0.19
2026-02-02,North,Web,Home,46,5880,0.29
2026-02-09,South,Store,Audio,31,4210,0.27
2026-02-16,East,Web,Outdoor,38,5170,0.33
2026-02-23,West,Partner,Home,22,2980,0.21
2026-03-02,North,Web,Audio,52,7420,0.38
2026-03-09,South,Store,Home,35,4490,0.26
2026-03-16,East,Web,Outdoor,44,6390,0.36
2026-03-23,West,Partner,Audio,29,3950,0.23
2026-04-06,North,Web,Home,58,8010,0.41
2026-04-13,South,Store,Audio,43,5810,0.32
2026-04-20,East,Web,Outdoor,49,7010,0.39
2026-04-27,West,Partner,Home,31,4270,0.25
2026-05-04,North,Web,Audio,67,9360,0.44
2026-05-11,South,Store,Home,48,6240,0.34
2026-05-18,East,Web,Outdoor,56,8120,0.43
2026-05-25,West,Partner,Audio,37,5020,0.28
2026-06-01,North,Web,Home,72,10140,0.46
2026-06-08,South,Store,Audio,55,7310,0.37
2026-06-15,East,Web,Outdoor,63,9250,0.45
2026-06-22,West,Partner,Home,42,5690,0.30
